{
  "content": [
    {
      "path": "MSFSLayoutGenerator.exe",
      "size": 364544,
      "date": 132820632768695720
    },
    {
      "path": "SimObjects/Airplanes/PMDG DC-6A_ONLYFOOLS/aircraft.cfg",
      "size": 1096,
      "date": 132832032864936284
    },
    {
      "path": "SimObjects/Airplanes/PMDG DC-6A_ONLYFOOLS/TEXTURE.ONLYFOOLS/PMDG_DC6A_FUSELAGE1_ALBEDO.PNG.DDS",
      "size": 22369776,
      "date": 132832013182614049
    },
    {
      "path": "SimObjects/Airplanes/PMDG DC-6A_ONLYFOOLS/TEXTURE.ONLYFOOLS/PMDG_DC6A_FUSELAGE1_ALBEDO.PNG.DDS.json",
      "size": 102,
      "date": 132684377320000000
    },
    {
      "path": "SimObjects/Airplanes/PMDG DC-6A_ONLYFOOLS/TEXTURE.ONLYFOOLS/PMDG_DC6A_FUSELAGE1_COMP.PNG.DDS",
      "size": 5592560,
      "date": 132831999876376112
    },
    {
      "path": "SimObjects/Airplanes/PMDG DC-6A_ONLYFOOLS/TEXTURE.ONLYFOOLS/PMDG_DC6A_FUSELAGE1_COMP.PNG.DDS.json",
      "size": 191,
      "date": 132684377200000000
    },
    {
      "path": "SimObjects/Airplanes/PMDG DC-6A_ONLYFOOLS/TEXTURE.ONLYFOOLS/PMDG_DC6A_FUSELAGE2_ALBEDO.PNG.DDS",
      "size": 22369776,
      "date": 132832013398776530
    },
    {
      "path": "SimObjects/Airplanes/PMDG DC-6A_ONLYFOOLS/TEXTURE.ONLYFOOLS/PMDG_DC6A_FUSELAGE2_ALBEDO.PNG.DDS.json",
      "size": 102,
      "date": 132684377160000000
    },
    {
      "path": "SimObjects/Airplanes/PMDG DC-6A_ONLYFOOLS/TEXTURE.ONLYFOOLS/PMDG_DC6A_FUSELAGE2_COMP.PNG.DDS",
      "size": 5592560,
      "date": 132832000088470892
    },
    {
      "path": "SimObjects/Airplanes/PMDG DC-6A_ONLYFOOLS/TEXTURE.ONLYFOOLS/PMDG_DC6A_FUSELAGE2_COMP.PNG.DDS.json",
      "size": 191,
      "date": 132684376940000000
    },
    {
      "path": "SimObjects/Airplanes/PMDG DC-6A_ONLYFOOLS/TEXTURE.ONLYFOOLS/PMDG_DC6A_FUSELAGE3_ALBEDO.PNG.DDS",
      "size": 22369776,
      "date": 132832013630743425
    },
    {
      "path": "SimObjects/Airplanes/PMDG DC-6A_ONLYFOOLS/TEXTURE.ONLYFOOLS/PMDG_DC6A_FUSELAGE3_ALBEDO.PNG.DDS.json",
      "size": 102,
      "date": 132684377180000000
    },
    {
      "path": "SimObjects/Airplanes/PMDG DC-6A_ONLYFOOLS/TEXTURE.ONLYFOOLS/PMDG_DC6A_FUSELAGE3_COMP.PNG.DDS",
      "size": 5592560,
      "date": 132832000249850480
    },
    {
      "path": "SimObjects/Airplanes/PMDG DC-6A_ONLYFOOLS/TEXTURE.ONLYFOOLS/PMDG_DC6A_FUSELAGE3_COMP.PNG.DDS.json",
      "size": 191,
      "date": 132684377040000000
    },
    {
      "path": "SimObjects/Airplanes/PMDG DC-6A_ONLYFOOLS/TEXTURE.ONLYFOOLS/PMDG_DC6_ENGINES_LEFT_ALBEDO.PNG.DDS",
      "size": 22369776,
      "date": 132831906021654339
    },
    {
      "path": "SimObjects/Airplanes/PMDG DC-6A_ONLYFOOLS/TEXTURE.ONLYFOOLS/PMDG_DC6_ENGINES_LEFT_ALBEDO.PNG.DDS.json",
      "size": 102,
      "date": 132684377120000000
    },
    {
      "path": "SimObjects/Airplanes/PMDG DC-6A_ONLYFOOLS/TEXTURE.ONLYFOOLS/PMDG_DC6_ENGINES_LEFT_COMP.PNG.dds",
      "size": 5592560,
      "date": 132831998693462832
    },
    {
      "path": "SimObjects/Airplanes/PMDG DC-6A_ONLYFOOLS/TEXTURE.ONLYFOOLS/PMDG_DC6_ENGINES_LEFT_COMP.PNG.DDS.json",
      "size": 191,
      "date": 132684377280000000
    },
    {
      "path": "SimObjects/Airplanes/PMDG DC-6A_ONLYFOOLS/TEXTURE.ONLYFOOLS/PMDG_DC6_ENGINES_RIGHT_ALBEDO.PNG.dds",
      "size": 22369776,
      "date": 132831914343074029
    },
    {
      "path": "SimObjects/Airplanes/PMDG DC-6A_ONLYFOOLS/TEXTURE.ONLYFOOLS/PMDG_DC6_ENGINES_RIGHT_ALBEDO.PNG.DDS.json",
      "size": 102,
      "date": 132684377120000000
    },
    {
      "path": "SimObjects/Airplanes/PMDG DC-6A_ONLYFOOLS/TEXTURE.ONLYFOOLS/PMDG_DC6_ENGINES_RIGHT_COMP.PNG.dds",
      "size": 5592560,
      "date": 132831999000641257
    },
    {
      "path": "SimObjects/Airplanes/PMDG DC-6A_ONLYFOOLS/TEXTURE.ONLYFOOLS/PMDG_DC6_ENGINES_RIGHT_COMP.PNG.DDS.json",
      "size": 191,
      "date": 132684377140000000
    },
    {
      "path": "SimObjects/Airplanes/PMDG DC-6A_ONLYFOOLS/TEXTURE.ONLYFOOLS/PMDG_DC6_PROPEFFECTS_ALBEDO.PNG.DDS",
      "size": 1398256,
      "date": 132823127731375680
    },
    {
      "path": "SimObjects/Airplanes/PMDG DC-6A_ONLYFOOLS/TEXTURE.ONLYFOOLS/PMDG_DC6_PROPEFFECTS_ALBEDO.PNG.DDS.json",
      "size": 119,
      "date": 132684377280000000
    },
    {
      "path": "SimObjects/Airplanes/PMDG DC-6A_ONLYFOOLS/TEXTURE.ONLYFOOLS/PMDG_DC6_TAIL_ALBEDO.PNG.dds",
      "size": 22369776,
      "date": 132831977804943297
    },
    {
      "path": "SimObjects/Airplanes/PMDG DC-6A_ONLYFOOLS/TEXTURE.ONLYFOOLS/PMDG_DC6_TAIL_ALBEDO.PNG.DDS.json",
      "size": 102,
      "date": 132684377220000000
    },
    {
      "path": "SimObjects/Airplanes/PMDG DC-6A_ONLYFOOLS/TEXTURE.ONLYFOOLS/PMDG_DC6_TAIL_COMP.PNG.DDS",
      "size": 5592560,
      "date": 132831999270480823
    },
    {
      "path": "SimObjects/Airplanes/PMDG DC-6A_ONLYFOOLS/TEXTURE.ONLYFOOLS/PMDG_DC6_TAIL_COMP.PNG.DDS.json",
      "size": 191,
      "date": 132684377260000000
    },
    {
      "path": "SimObjects/Airplanes/PMDG DC-6A_ONLYFOOLS/TEXTURE.ONLYFOOLS/PMDG_DC6_VC_NNUMBER_ALBEDO.PNG.DDS",
      "size": 87568,
      "date": 132823128296728110
    },
    {
      "path": "SimObjects/Airplanes/PMDG DC-6A_ONLYFOOLS/TEXTURE.ONLYFOOLS/PMDG_DC6_VC_NNUMBER_ALBEDO.PNG.DDS.json",
      "size": 119,
      "date": 132684377360000000
    },
    {
      "path": "SimObjects/Airplanes/PMDG DC-6A_ONLYFOOLS/TEXTURE.ONLYFOOLS/PMDG_DC6_WING_ALBEDO.PNG.DDS",
      "size": 89478640,
      "date": 132831922637189783
    },
    {
      "path": "SimObjects/Airplanes/PMDG DC-6A_ONLYFOOLS/TEXTURE.ONLYFOOLS/PMDG_DC6_WING_ALBEDO.PNG.DDS.json",
      "size": 102,
      "date": 132684377100000000
    },
    {
      "path": "SimObjects/Airplanes/PMDG DC-6A_ONLYFOOLS/TEXTURE.ONLYFOOLS/PMDG_DC6_WING_COMP.PNG.DDS",
      "size": 22369776,
      "date": 132831999523395810
    },
    {
      "path": "SimObjects/Airplanes/PMDG DC-6A_ONLYFOOLS/TEXTURE.ONLYFOOLS/PMDG_DC6_WING_COMP.PNG.DDS.json",
      "size": 191,
      "date": 132684377000000000
    },
    {
      "path": "SimObjects/Airplanes/PMDG DC-6A_ONLYFOOLS/TEXTURE.ONLYFOOLS/PMDG_DC6_YOKE_LOGO_ALBEDO.PNG.DDS",
      "size": 349680,
      "date": 132828745408921647
    },
    {
      "path": "SimObjects/Airplanes/PMDG DC-6A_ONLYFOOLS/TEXTURE.ONLYFOOLS/PMDG_DC6_YOKE_LOGO_ALBEDO.PNG.DDS.json",
      "size": 102,
      "date": 132684377920000000
    },
    {
      "path": "SimObjects/Airplanes/PMDG DC-6A_ONLYFOOLS/TEXTURE.ONLYFOOLS/texture.CFG",
      "size": 138,
      "date": 132821584200404119
    },
    {
      "path": "SimObjects/Airplanes/PMDG DC-6A_ONLYFOOLS/TEXTURE.ONLYFOOLS/thumbnail.jpg",
      "size": 91899,
      "date": 132832068331919163
    },
    {
      "path": "SimObjects/Airplanes/PMDG DC-6A_ONLYFOOLS/TEXTURE.ONLYFOOLS/thumbnail_small.jpg",
      "size": 25281,
      "date": 132832068399851131
    }
  ]
}