{
  "content": [
	{
	  "path": "SimObjects/Airplanes/PMDG-DC6A-USAAF/aircraft.cfg",
	  "size": 1106,
	  "date": 1625905693406
	},
	{
	  "path": "SimObjects/Airplanes/PMDG-DC6A-USAAF/TEXTURE.JK_USAAF/PMDG_DC6A_FUSELAGE1_ALBEDO.PNG.DDS",
	  "size": 22369796,
	  "date": 1625902578389
	},
	{
	  "path": "SimObjects/Airplanes/PMDG-DC6A-USAAF/TEXTURE.JK_USAAF/PMDG_DC6A_FUSELAGE1_ALBEDO.PNG.DDS.json",
	  "size": 102,
	  "date": 1620263528000
	},
	{
	  "path": "SimObjects/Airplanes/PMDG-DC6A-USAAF/TEXTURE.JK_USAAF/PMDG_DC6A_FUSELAGE1_COMP.PNG.dds",
	  "size": 22369796,
	  "date": 1625902816008
	},
	{
	  "path": "SimObjects/Airplanes/PMDG-DC6A-USAAF/TEXTURE.JK_USAAF/PMDG_DC6A_FUSELAGE1_COMP.PNG.DDS.json",
	  "size": 191,
	  "date": 1620263528000
	},
	{
	  "path": "SimObjects/Airplanes/PMDG-DC6A-USAAF/TEXTURE.JK_USAAF/PMDG_DC6A_FUSELAGE2_ALBEDO.PNG.dds",
	  "size": 22369796,
	  "date": 1625902641016
	},
	{
	  "path": "SimObjects/Airplanes/PMDG-DC6A-USAAF/TEXTURE.JK_USAAF/PMDG_DC6A_FUSELAGE2_ALBEDO.PNG.DDS.json",
	  "size": 102,
	  "date": 1620263536000
	},
	{
	  "path": "SimObjects/Airplanes/PMDG-DC6A-USAAF/TEXTURE.JK_USAAF/PMDG_DC6A_FUSELAGE2_COMP.PNG.dds",
	  "size": 22369796,
	  "date": 1625902868427
	},
	{
	  "path": "SimObjects/Airplanes/PMDG-DC6A-USAAF/TEXTURE.JK_USAAF/PMDG_DC6A_FUSELAGE2_COMP.PNG.DDS.json",
	  "size": 191,
	  "date": 1621505836000
	},
	{
	  "path": "SimObjects/Airplanes/PMDG-DC6A-USAAF/TEXTURE.JK_USAAF/PMDG_DC6A_FUSELAGE3_ALBEDO.PNG.dds",
	  "size": 22369796,
	  "date": 1625902703375
	},
	{
	  "path": "SimObjects/Airplanes/PMDG-DC6A-USAAF/TEXTURE.JK_USAAF/PMDG_DC6A_FUSELAGE3_ALBEDO.PNG.DDS.json",
	  "size": 102,
	  "date": 1620263544000
	},
	{
	  "path": "SimObjects/Airplanes/PMDG-DC6A-USAAF/TEXTURE.JK_USAAF/PMDG_DC6A_FUSELAGE3_COMP.PNG.dds",
	  "size": 22369796,
	  "date": 1625902924719
	},
	{
	  "path": "SimObjects/Airplanes/PMDG-DC6A-USAAF/TEXTURE.JK_USAAF/PMDG_DC6A_FUSELAGE3_COMP.PNG.DDS.json",
	  "size": 191,
	  "date": 1620263554000
	},
	{
	  "path": "SimObjects/Airplanes/PMDG-DC6A-USAAF/TEXTURE.JK_USAAF/PMDG_DC6_ENGINES_LEFT_ALBEDO.PNG.DDS",
	  "size": 22369796,
	  "date": 1625905277374
	},
	{
	  "path": "SimObjects/Airplanes/PMDG-DC6A-USAAF/TEXTURE.JK_USAAF/PMDG_DC6_ENGINES_LEFT_ALBEDO.PNG.DDS.json",
	  "size": 102,
	  "date": 1621072138000
	},
	{
	  "path": "SimObjects/Airplanes/PMDG-DC6A-USAAF/TEXTURE.JK_USAAF/PMDG_DC6_ENGINES_LEFT_COMP.PNG.DDS",
	  "size": 5592580,
	  "date": 1625905475726
	},
	{
	  "path": "SimObjects/Airplanes/PMDG-DC6A-USAAF/TEXTURE.JK_USAAF/PMDG_DC6_ENGINES_LEFT_COMP.PNG.DDS.json",
	  "size": 191,
	  "date": 1620263552000
	},
	{
	  "path": "SimObjects/Airplanes/PMDG-DC6A-USAAF/TEXTURE.JK_USAAF/PMDG_DC6_ENGINES_RIGHT_ALBEDO.PNG.DDS",
	  "size": 22369796,
	  "date": 1625905249787
	},
	{
	  "path": "SimObjects/Airplanes/PMDG-DC6A-USAAF/TEXTURE.JK_USAAF/PMDG_DC6_ENGINES_RIGHT_ALBEDO.PNG.DDS.json",
	  "size": 102,
	  "date": 1621072136000
	},
	{
	  "path": "SimObjects/Airplanes/PMDG-DC6A-USAAF/TEXTURE.JK_USAAF/PMDG_DC6_ENGINES_RIGHT_COMP.PNG.DDS",
	  "size": 5592580,
	  "date": 1625905408574
	},
	{
	  "path": "SimObjects/Airplanes/PMDG-DC6A-USAAF/TEXTURE.JK_USAAF/PMDG_DC6_ENGINES_RIGHT_COMP.PNG.DDS.json",
	  "size": 191,
	  "date": 1620263548000
	},
	{
	  "path": "SimObjects/Airplanes/PMDG-DC6A-USAAF/TEXTURE.JK_USAAF/PMDG_DC6_MISC_ALBEDO.PNG.dds",
	  "size": 4194452,
	  "date": 1624182333207
	},
	{
	  "path": "SimObjects/Airplanes/PMDG-DC6A-USAAF/TEXTURE.JK_USAAF/PMDG_DC6_MISC_ALBEDO.PNG.DDS.json",
	  "size": 102,
	  "date": 1624182333216
	},
	{
	  "path": "SimObjects/Airplanes/PMDG-DC6A-USAAF/TEXTURE.JK_USAAF/PMDG_DC6_MISC_COMP.PNG.DDS",
	  "size": 5592580,
	  "date": 1624182333273
	},
	{
	  "path": "SimObjects/Airplanes/PMDG-DC6A-USAAF/TEXTURE.JK_USAAF/PMDG_DC6_MISC_COMP.PNG.DDS.json",
	  "size": 191,
	  "date": 1624182333282
	},
	{
	  "path": "SimObjects/Airplanes/PMDG-DC6A-USAAF/TEXTURE.JK_USAAF/PMDG_DC6_MISC_NORMAL.PNG.DDS",
	  "size": 1398256,
	  "date": 1624182333295
	},
	{
	  "path": "SimObjects/Airplanes/PMDG-DC6A-USAAF/TEXTURE.JK_USAAF/PMDG_DC6_MISC_NORMAL.PNG.DDS.json",
	  "size": 160,
	  "date": 1624182333304
	},
	{
	  "path": "SimObjects/Airplanes/PMDG-DC6A-USAAF/TEXTURE.JK_USAAF/PMDG_DC6_PROPEFFECTS_ALBEDO.PNG.DDS",
	  "size": 1048724,
	  "date": 1624182333319
	},
	{
	  "path": "SimObjects/Airplanes/PMDG-DC6A-USAAF/TEXTURE.JK_USAAF/PMDG_DC6_PROPEFFECTS_ALBEDO.PNG.DDS.DDS",
	  "size": 1048724,
	  "date": 1624182333333
	},
	{
	  "path": "SimObjects/Airplanes/PMDG-DC6A-USAAF/TEXTURE.JK_USAAF/PMDG_DC6_PROPEFFECTS_ALBEDO.PNG.DDS.json",
	  "size": 119,
	  "date": 1624182333342
	},
	{
	  "path": "SimObjects/Airplanes/PMDG-DC6A-USAAF/TEXTURE.JK_USAAF/PMDG_DC6_PROPEFFECTS_COMP.PNG.DDS",
	  "size": 1048724,
	  "date": 1624182333356
	},
	{
	  "path": "SimObjects/Airplanes/PMDG-DC6A-USAAF/TEXTURE.JK_USAAF/PMDG_DC6_PROPEFFECTS_COMP.PNG.DDS.json",
	  "size": 191,
	  "date": 1624182333366
	},
	{
	  "path": "SimObjects/Airplanes/PMDG-DC6A-USAAF/TEXTURE.JK_USAAF/PMDG_DC6_TAIL_ALBEDO.PNG.DDS",
	  "size": 22369796,
	  "date": 1625903679396
	},
	{
	  "path": "SimObjects/Airplanes/PMDG-DC6A-USAAF/TEXTURE.JK_USAAF/PMDG_DC6_TAIL_ALBEDO.PNG.DDS.json",
	  "size": 102,
	  "date": 1624182333596
	},
	{
	  "path": "SimObjects/Airplanes/PMDG-DC6A-USAAF/TEXTURE.JK_USAAF/PMDG_DC6_TAIL_COMP.PNG.dds",
	  "size": 22369796,
	  "date": 1625903786613
	},
	{
	  "path": "SimObjects/Airplanes/PMDG-DC6A-USAAF/TEXTURE.JK_USAAF/PMDG_DC6_TAIL_COMP.PNG.DDS.json",
	  "size": 191,
	  "date": 1624182333671
	},
	{
	  "path": "SimObjects/Airplanes/PMDG-DC6A-USAAF/TEXTURE.JK_USAAF/PMDG_DC6_VC_NNUMBER_ALBEDO.PNG.dds",
	  "size": 87588,
	  "date": 1625905736981
	},
	{
	  "path": "SimObjects/Airplanes/PMDG-DC6A-USAAF/TEXTURE.JK_USAAF/PMDG_DC6_VC_NNUMBER_ALBEDO.PNG.DDS.json",
	  "size": 119,
	  "date": 1624182333689
	},
	{
	  "path": "SimObjects/Airplanes/PMDG-DC6A-USAAF/TEXTURE.JK_USAAF/PMDG_DC6_wing_Albedo.PNG.dds",
	  "size": 22369796,
	  "date": 1625904534303
	},
	{
	  "path": "SimObjects/Airplanes/PMDG-DC6A-USAAF/TEXTURE.JK_USAAF/PMDG_DC6_WING_ALBEDO.PNG.DDS.json",
	  "size": 102,
	  "date": 1624182334513
	},
	{
	  "path": "SimObjects/Airplanes/PMDG-DC6A-USAAF/TEXTURE.JK_USAAF/PMDG_DC6_WING_COMP.PNG.DDS",
	  "size": 22369796,
	  "date": 1625904635315
	},
	{
	  "path": "SimObjects/Airplanes/PMDG-DC6A-USAAF/TEXTURE.JK_USAAF/PMDG_DC6_WING_COMP.PNG.DDS.json",
	  "size": 191,
	  "date": 1624182334748
	},
	{
	  "path": "SimObjects/Airplanes/PMDG-DC6A-USAAF/TEXTURE.JK_USAAF/PMDG_DC6_YOKE_LOGO_ALBEDO.PNG.DDS",
	  "size": 349700,
	  "date": 1624182334770
	},
	{
	  "path": "SimObjects/Airplanes/PMDG-DC6A-USAAF/TEXTURE.JK_USAAF/PMDG_DC6_YOKE_LOGO_ALBEDO.PNG.DDS.json",
	  "size": 102,
	  "date": 1624182334784
	},
	{
	  "path": "SimObjects/Airplanes/PMDG-DC6A-USAAF/TEXTURE.JK_USAAF/texture.CFG",
	  "size": 138,
	  "date": 1623398350000
	},
	{
	  "path": "SimObjects/Airplanes/PMDG-DC6A-USAAF/TEXTURE.JK_USAAF/thumbnail.JPG",
	  "size": 275908,
	  "date": 1625334409421
	},
	{
	  "path": "SimObjects/Airplanes/PMDG-DC6A-USAAF/TEXTURE.JK_USAAF/thumbnail_small.JPG",
	  "size": 23344,
	  "date": 1625334427131
	}
  ]
}
